Workbook

Sheet Sheet1
C2: 1 | D2: 2 | E2: 3 | F2: 4 | G2: 5 | H2: Comment
B3: The explanation clearly shows how the system arrived at its decision. | C3: 0 | D3: 0 | E3: 2 | F3: 5 | G3: 2 | H3: inout 5: The explanations clearly covers the steps. It would be preferable to avoid negation structures like "Ann is in the office was not satisfied".
B4: The explanation covers all relevant information correctly. | C4: 0 | D4: 0 | E4: 3 | F4: 6 | G4: 1 | H4: Input 5: Seems to work good, only weird thing it said it prefered to use their own card above that of an colleague, because it has a lower cost, which seems correct, but weird to an end user. | I4: input 2 (over time and price.): this is not correct, but not part of the feedback section so I won't mention it in the actual comment 2
B5: The level of detail in the explanation is sufficient for me to understand the decision. | C5: 0 | D5: 0 | E5: 5 | F5: 4 | G5: 1 | H5: Input 1: I am confused, does this bot actually paid at the shop or not? | I5: Input5 (The agent preferred to go get their own card over borrow a card from a colleague because it had a lower overall cost): For the end user it seems weird to talk about an cost of borrowing an colleagues card.
B6: The explanation appropriately addresses the question. | C6: 0 | D6: 0 | E6: 1 | F6: 5 | G6: 1 | H6: Input 5 (The agent could not get a coﬀee from Ann's oﬃce because Ann is in the oﬃce was not satisﬁed.) Ann is not provided in the input so mentioning this is not so appropriate
B7: I believe the system is making decisions in my best interest considering my preferences. | C7: 1 | D7: 0 | E7: 2 | F7: 1 | G7: 6
B8: I am satisfied with the explanation provided. | C8: 0 | D8: 0 | E8: 5 | F8: 4 | G8: 1 | H8: Input2 (The agent could not get a coﬀee from Ann's oﬃce because Ann is in the oﬃce was not satisﬁed): Same here | I8: Input 2 (The agent could not borrow a card from a colleague because a colleague is available was not satisﬁed): Seems like you talk about a variable, but it is placed in the sentence as natural langue which makes the sentence not flowing correctly. | J8: Input3 (was necessary to check that it is at the shop, it has paid at the shop): Should be an 'and' instead of the comma. | K8: Input2 (he agent could not pick up the coﬀee from the shop because it has money was not satisﬁed.): Same here | L8: Input2 (Before being able to make coﬀee in the kitchen, it was necessary to check that it has a staﬀ card, it is at the kitchen.) This sentence seems weird. It wasn't needed to say that it was in the kitchen.
B11: General: | C11: The way the nodes from the tree are converted in to natural language makes some of the sentences a bit hard to read. Sometimes ungrammatical structures are formed as a result of this. I like that when the model fails to find a path, it gives some reasoning as to why this happened, instead of not giving an answer at all.
C12: The explanation clearly shows how the system arrived at its decision. The explanation follows the structure of the reasoning process and orders it logically. It does mention user preferences in some cases without additional context, so that could be improved upon. The beginning is pretty strong and clearly states the goal and what it will explain. • The explanation covers all relevant information correctly. Mostly, things like user preferences etc is not always completely covered, but overall most of the relevant information is mentioned. Also in the cases that something is prohibited. • The level of detail in the explanation is sufficient for me to understand the decision. Yes, this is sufficient. • The explanation appropriately addresses the question. Yes, like mentioned in " The explanation clearly shows how the system arrived at its decision.", the explanation clearly addresses the goal and what first steps it will take. Then the reasoning behind those steps and reasons for not following other steps are given. • I believe the system is making decisions in my best interest considering my preferences. Not in all cases, as mentioned previously. This could be a bit clearer. • I am satisfied with the explanation provided Overall, yes. The user preferences could be improved upon and perhaps adding a bit more detail to the explanations. Other than that, the explanations are fine.

Sheet Sheet2
B4: Overall | C4: 1 | D4: 2 | E4: 3 | F4: 4 | G4: 5
B5: Q1 | C5: =SUM(Input1!M4,Input2!M4,Input3!N4,Input4!M4,Input5!M4) -> 2 | D5: =SUM(Input1!N4,Input2!N4,Input3!O4,Input4!N4,Input5!N4) -> 4 | E5: =SUM(Input1!O4,Input2!O4,Input3!P4,Input4!O4,Input5!O4) -> 11 | F5: =SUM(Input1!P4,Input2!P4,Input3!Q4,Input4!P4,Input5!P4) -> 17 | G5: =SUM(Input1!Q4,Input2!Q4,Input3!R4,Input4!Q4,Input5!Q4) -> 12
B6: Q2 | C6: =SUM(Input1!M5,Input2!M5,Input3!N5,Input4!M5,Input5!M5) -> 1 | D6: =SUM(Input1!N5,Input2!N5,Input3!O5,Input4!N5,Input5!N5) -> 2 | E6: =SUM(Input1!O5,Input2!O5,Input3!P5,Input4!O5,Input5!O5) -> 9 | F6: =SUM(Input1!P5,Input2!P5,Input3!Q5,Input4!P5,Input5!P5) -> 17 | G6: =SUM(Input1!Q5,Input2!Q5,Input3!R5,Input4!Q5,Input5!Q5) -> 17
B7: Q3 | C7: =SUM(Input1!M6,Input2!M6,Input3!N6,Input4!M6,Input5!M6) -> 0 | D7: =SUM(Input1!N6,Input2!N6,Input3!O6,Input4!N6,Input5!N6) -> 4 | E7: =SUM(Input1!O6,Input2!O6,Input3!P6,Input4!O6,Input5!O6) -> 11 | F7: =SUM(Input1!P6,Input2!P6,Input3!Q6,Input4!P6,Input5!P6) -> 18 | G7: =SUM(Input1!Q6,Input2!Q6,Input3!R6,Input4!Q6,Input5!Q6) -> 13
B8: Q4 | C8: =SUM(Input1!M7,Input2!M7,Input3!N7,Input4!M7,Input5!M7) -> 0 | D8: =SUM(Input1!N7,Input2!N7,Input3!O7,Input4!N7,Input5!N7) -> 2 | E8: =SUM(Input1!O7,Input2!O7,Input3!P7,Input4!O7,Input5!O7) -> 7 | F8: =SUM(Input1!P7,Input2!P7,Input3!Q7,Input4!P7,Input5!P7) -> 10 | G8: =SUM(Input1!Q7,Input2!Q7,Input3!R7,Input4!Q7,Input5!Q7) -> 27
B9: Q5 | C9: =SUM(Input1!M8,Input2!M8,Input3!N8,Input4!M8,Input5!M8) -> 2 | D9: =SUM(Input1!N8,Input2!N8,Input3!O8,Input4!N8,Input5!N8) -> 1 | E9: =SUM(Input1!O8,Input2!O8,Input3!P8,Input4!O8,Input5!O8) -> 7 | F9: =SUM(Input1!P8,Input2!P8,Input3!Q8,Input4!P8,Input5!P8) -> 12 | G9: =SUM(Input1!Q8,Input2!Q8,Input3!R8,Input4!Q8,Input5!Q8) -> 24
B10: Q6 | C10: =SUM(Input1!M9,Input2!M9,Input3!N9,Input4!M9,Input5!M9) -> 0 | D10: =SUM(Input1!N9,Input2!N9,Input3!O9,Input4!N9,Input5!N9) -> 2 | E10: =SUM(Input1!O9,Input2!O9,Input3!P9,Input4!O9,Input5!O9) -> 19 | F10: =SUM(Input1!P9,Input2!P9,Input3!Q9,Input4!P9,Input5!P9) -> 13 | G10: =SUM(Input1!Q9,Input2!Q9,Input3!R9,Input4!Q9,Input5!Q9) -> 12
I14: Median | J14: Mean | K14: =MODE(C15:G15) -> #N/A
C15: =C5*C$4 -> 2 | D15: =D5*D$4 -> 8 | E15: =E5*E$4 -> 33 | F15: =F5*F$4 -> 68 | G15: =G5*G$4 -> 60 | I15: 4 | J15: =SUM(C15:G15)/46 -> 3.7173913
C16: =C6*C$4 -> 1 | D16: =D6*D$4 -> 4 | E16: =E6*E$4 -> 27 | F16: =F6*F$4 -> 68 | G16: =G6*G$4 -> 85 | I16: 4 | J16: =SUM(C16:G16)/46 -> 4.0217391
C17: =C7*C$4 -> 0 | D17: =D7*D$4 -> 8 | E17: =E7*E$4 -> 33 | F17: =F7*F$4 -> 72 | G17: =G7*G$4 -> 65 | I17: 4 | J17: =SUM(C17:G17)/46 -> 3.8695652
C18: =C8*C$4 -> 0 | D18: =D8*D$4 -> 4 | E18: =E8*E$4 -> 21 | F18: =F8*F$4 -> 40 | G18: =G8*G$4 -> 135 | I18: 5 | J18: =SUM(C18:G18)/46 -> 4.3478261
C19: =C9*C$4 -> 2 | D19: =D9*D$4 -> 2 | E19: =E9*E$4 -> 21 | F19: =F9*F$4 -> 48 | G19: =G9*G$4 -> 120 | I19: 5 | J19: =SUM(C19:G19)/46 -> 4.1956522
C20: =C10*C$4 -> 0 | D20: =D10*D$4 -> 4 | E20: =E10*E$4 -> 57 | F20: =F10*F$4 -> 52 | G20: =G10*G$4 -> 60 | I20: 4 | J20: =SUM(C20:G20)/46 -> 3.7608696

Sheet Input1
M2: sums
C3: Likert Rating | M3: 1 | N3: 2 | O3: 3 | P3: 4 | Q3: 5
B4: The explanation clearly shows how the system arrived at its decision. | C4: 5 | D4: 5 | E4: 3 | F4: 3 | G4: 2 | H4: 4 | I4: 5 | J4: 5 | K4: 5 | M4: =COUNTIF($C4:$K4, M$3) -> 0 | N4: =COUNTIF($C4:$K4, N$3) -> 1 | O4: =COUNTIF($C4:$K4, O$3) -> 2 | P4: =COUNTIF($C4:$K4, P$3) -> 1 | Q4: =COUNTIF($C4:$K4, Q$3) -> 5 | R4: =SUM(M4:Q4) -> 9
B5: The explanation covers all relevant information correctly. | C5: 5 | D5: 5 | E5: 3 | F5: 1 | G5: 3 | H5: 5 | I5: 5 | J5: 5 | K5: 5 | M5: =COUNTIF($C5:$K5, M$3) -> 1 | N5: =COUNTIF($C5:$K5, N$3) -> 0 | O5: =COUNTIF($C5:$K5, O$3) -> 2 | P5: =COUNTIF($C5:$K5, P$3) -> 0 | Q5: =COUNTIF($C5:$K5, Q$3) -> 6 | R5: =SUM(M5:Q5) -> 9
B6: The level of detail in the explanation is sufficient for me to understand the decision. | C6: 5 | D6: 5 | E6: 2 | F6: 2 | G6: 2 | H6: 4 | I6: 5 | J6: 5 | K6: 5 | M6: =COUNTIF($C6:$K6, M$3) -> 0 | N6: =COUNTIF($C6:$K6, N$3) -> 3 | O6: =COUNTIF($C6:$K6, O$3) -> 0 | P6: =COUNTIF($C6:$K6, P$3) -> 1 | Q6: =COUNTIF($C6:$K6, Q$3) -> 5 | R6: =SUM(M6:Q6) -> 9
B7: The explanation appropriately addresses the question. | C7: 5 | D7: 5 | E7: 3 | F7: 2 | G7: 3 | H7: 3 | I7: 5 | J7: 5 | K7: 5 | M7: =COUNTIF($C7:$K7, M$3) -> 0 | N7: =COUNTIF($C7:$K7, N$3) -> 1 | O7: =COUNTIF($C7:$K7, O$3) -> 3 | P7: =COUNTIF($C7:$K7, P$3) -> 0 | Q7: =COUNTIF($C7:$K7, Q$3) -> 5 | R7: =SUM(M7:Q7) -> 9
B8: I believe the system is making decisions in my best interest considering my preferences. | C8: 5 | D8: 5 | E8: 3 | F8: 1 | G8: 3 | H8: 4 | I8: 5 | J8: 5 | K8: 5 | M8: =COUNTIF($C8:$K8, M$3) -> 1 | N8: =COUNTIF($C8:$K8, N$3) -> 0 | O8: =COUNTIF($C8:$K8, O$3) -> 2 | P8: =COUNTIF($C8:$K8, P$3) -> 1 | Q8: =COUNTIF($C8:$K8, Q$3) -> 5 | R8: =SUM(M8:Q8) -> 9
B9: I am satisfied with the explanation provided. | C9: 4 | D9: 5 | E9: 3 | F9: 2 | G9: 3 | H9: 4 | I9: 5 | J9: 5 | K9: 5 | M9: =COUNTIF($C9:$K9, M$3) -> 0 | N9: =COUNTIF($C9:$K9, N$3) -> 1 | O9: =COUNTIF($C9:$K9, O$3) -> 2 | P9: =COUNTIF($C9:$K9, P$3) -> 2 | Q9: =COUNTIF($C9:$K9, Q$3) -> 4 | R9: =SUM(M9:Q9) -> 9
B10: Comment | C10: The phrasing in the explanation could be improved to say something like "The action was not performed..." instead of " The action cannot be explained...". Because with later there is an implication that the agent is not capable of explaining itself. | E10: The explanation is correct, but it does not include the logic of the chosen trace. | F10: the explanation correctly says that the action couldn't be executed but it should analyze how the agent achieved the goal of having a coffee as it is mentioned in the steps "following actions" and its the main goal | G10: The explanation is contradictory—if paying at the shop is prohibited, it should clarify why the agent still chose it | K10: The explanation is clear, correct and concise. That the action of paying at the shop is prohibited is important relevant information and is mentioned appropriately. | L10: Seems like a good explanation!
B11: Comment 1 | D11: It is true that this action cannot be explained. The explanation also successfully says that it is prohibited by the norm, which is in this case, a perfect explanation. | J11: It concisely shows how it arrived to that decision
B12: Comment 2 | D12: It mentions that this action is prohibited by the norm, and that this is the reason why it cannot be explained. That is perfect - it does not only refuse to explain, it says why it refuses to explain. | J12: Considering the only thing we need to know for this scenario is that it isn't allowed to go to the shop, it does cover it correctly
B13: Comment 3 | D13: It has become clear why the agent did not pick the action of paying at the shop, explicitly by the explanation. | J13: The level of detail is enough for this case
B14: Comment 4 | D14: The question specifically asks to explain a certain action, which never actually got executed. The explanation speaks only about that, and mentions this exact situation. | J14: It does appropriately answer the question
B15: Comment 5 | D15: This is not relevant for this case as the action that was supposed to be explained, was one that goes against the norm. However, by not mentioning any user preferences we know that the agent correctly did not even consider those, since conflicting norm-violations should be considered first, as per the assignment definition on blackboard. | J15: It is making decisions in my best interest considering it is prohibited
B16: Comment 6 | D16: The explanation mentions that the action was never executed, and explains the reason for that. Furthermore, it does not explain any other irrelevant items, making it have the perfect level of verbosity. | J16: I am satisfied with the explanation

Sheet Input2
M2: sums
C3: Likert Rating | M3: 1 | N3: 2 | O3: 3 | P3: 4 | Q3: 5
B4: The explanation clearly shows how the system arrived at its decision. | C4: 3 | D4: 3 | E4: 4 | F4: 3 | G4: 3 | H4: 4 | I4: 5 | J4: 1 | K4: 2 | M4: =COUNTIF($C4:$K4, M$3) -> 1 | N4: =COUNTIF($C4:$K4, N$3) -> 1 | O4: =COUNTIF($C4:$K4, O$3) -> 4 | P4: =COUNTIF($C4:$K4, P$3) -> 2 | Q4: =COUNTIF($C4:$K4, Q$3) -> 1 | R4: =SUM(M4:Q4) -> 9
B5: The explanation covers all relevant information correctly. | C5: 4 | D5: 4 | E5: 4 | F5: 3 | G5: 2 | H5: 3 | I5: 4 | J5: 2 | K5: 4 | M5: =COUNTIF($C5:$K5, M$3) -> 0 | N5: =COUNTIF($C5:$K5, N$3) -> 2 | O5: =COUNTIF($C5:$K5, O$3) -> 2 | P5: =COUNTIF($C5:$K5, P$3) -> 5 | Q5: =COUNTIF($C5:$K5, Q$3) -> 0 | R5: =SUM(M5:Q5) -> 9
B6: The level of detail in the explanation is sufficient for me to understand the decision. | C6: 4 | D6: 5 | E6: 4 | F6: 3 | G6: 3 | H6: 4 | I6: 4 | J6: 4 | K6: 3 | M6: =COUNTIF($C6:$K6, M$3) -> 0 | N6: =COUNTIF($C6:$K6, N$3) -> 0 | O6: =COUNTIF($C6:$K6, O$3) -> 3 | P6: =COUNTIF($C6:$K6, P$3) -> 5 | Q6: =COUNTIF($C6:$K6, Q$3) -> 1 | R6: =SUM(M6:Q6) -> 9
B7: The explanation appropriately addresses the question. | C7: 4 | D7: 5 | E7: 4 | F7: 3 | G7: 3 | H7: 2 | I7: 5 | J7: 5 | K7: 5 | M7: =COUNTIF($C7:$K7, M$3) -> 0 | N7: =COUNTIF($C7:$K7, N$3) -> 1 | O7: =COUNTIF($C7:$K7, O$3) -> 2 | P7: =COUNTIF($C7:$K7, P$3) -> 2 | Q7: =COUNTIF($C7:$K7, Q$3) -> 4 | R7: =SUM(M7:Q7) -> 9
B8: I believe the system is making decisions in my best interest considering my preferences. | C8: 5 | D8: 3 | E8: 4 | F8: 3 | G8: 5 | H8: 4 | I8: 5 | J8: 1 | K8: 3 | M8: =COUNTIF($C8:$K8, M$3) -> 1 | N8: =COUNTIF($C8:$K8, N$3) -> 0 | O8: =COUNTIF($C8:$K8, O$3) -> 3 | P8: =COUNTIF($C8:$K8, P$3) -> 2 | Q8: =COUNTIF($C8:$K8, Q$3) -> 3 | R8: =SUM(M8:Q8) -> 9
B9: I am satisfied with the explanation provided. | C9: 3 | D9: 4 | E9: 3 | F9: 3 | G9: 4 | H9: 3 | I9: 5 | J9: 2 | K9: 3 | M9: =COUNTIF($C9:$K9, M$3) -> 0 | N9: =COUNTIF($C9:$K9, N$3) -> 1 | O9: =COUNTIF($C9:$K9, O$3) -> 5 | P9: =COUNTIF($C9:$K9, P$3) -> 2 | Q9: =COUNTIF($C9:$K9, Q$3) -> 1 | R9: =SUM(M9:Q9) -> 9
B10: Comment | C10: The explanation's structure makes it difficult to follow the flow of thought. In some places, it seems very unnatural and robotic. The reason why the other two places were discarded is only given at the end of the explanation, which is not ideal. | E10: The explanation lacks a natural flow, jumping between statements without clear connectivity. Additionally, the reference to "the agent" could have been avoided by writing in the first-person perspective, which would have made the explanation more cohesive. | F10: the explanation is a bit complicated, it mistakenly says about making coffee in the kitchen which is not mentioned. i would expect a better flow and not answer every option if it satisfied or not as they are questions and it doesnt have to do with the explanation but i think that the actions should be more and not just going to kitchen and getting coffee, it should have about the card | G10: While it describes why the kitchen was chosen, there’s confusion around preconditions for using one’s own card and the incorrect statements about “colleague is available” or “Ann is in the office” not being satisfied. It references user preferences but doesn’t show actual cost comparisons. | K10: The explanation is correct, but the action node names are not expressed correctly (in a grammatical/syntactic way) which makes reading this explanation a bit harder compared to if it was written as normal phrases (e.g. because it didn't have money instead of "because it has money was not satisfied"). The phrasing of the preferences could also imply that price and time are on equal grounding when it's actually price > time, so this could give the use the impression that the agent does not have their best interests in mind. Additionally, the order of the different explanatory components is quite confusing and makes the explanation difficult to understand. It has to check that it has its own card, but then the explanation suddenly turns to the preferences of the user, which had nothing to do with the sentences before and after this phrase about preferences. Lastly, the last two phrases pertaining to why the agent didn't get coffee from the shop or from Ann's office also seem misplaced, because this was a decision that was made at the beginning (choosing get getting kitchen coffee over getting coffee from Ann's office or the shop). | L10: Little bit too much information, which would normally be implied.
B11: Comment 1 | D11: It is clear and formally explained why the system performed the action to get coffee from the kitchen. However, it was a bit hard to interpret. The language does not have a natural feel to it, and contains some grammatical errors. I can tell this is from string additions, most probably coming from a rule based approach. It would already be very helpful if you added quotes around any items that is not pre-written text, e.g. “has a staff card” and “it is at the kitchen”. For me as a technical student, it is clear that these come from string additions, but as an end user I may be confused by the language and what it really means. Simple quotes around items may already help a lot with interpretability. | J11: This explanation is quite confusing and repetitive and the priorities weren't addressed other than stating them
B12: Comment 2 | D12: Assuming that the user preference has not affected decision making, then yes this is true. However, this is not explicitly (or implicitly..) made clear the explanation. It would have been a nice detail to hear if the user preference had any effect, and if so, what it actually affected. Other than that, all relevant information is covered, though not in semantically correct natural language. | J12: It covers most information however it is missing how it took priorities into consideration and it uses sentences like "a colleague is available was not satisfied" making it sound very robotic and not fluid at all
B13: Comment 3 | D13: Every decision has been explained properly in terms of what beliefs have lead to it and what actions came from it. While the language is not grammatically correct or naturally feeling, it is semantically correct in terms of the explanation. | J13: The level of detail is enough to understand the decision, even though written in a confusing manner. I do however think it was very detailed and explained every aspect except ranking the priorities rather than just saying which was the most important
B14: Comment 4 | D14: I really appreciate how the explanation works backwards, starting from the action to explain. This makes it clear from the beginning that a certain action is selected, and how it came to be. It is much better than starting from the root of the tree, and only happening to “end up” at the action to explain. | J14: It did appropriately address the question
B15: Comment 5 | D15: While the user preference is mentioned, no where is it mentioned where it has actually affected the decision making. If it has not affected the decision making, then I would not have included the user preference. If it did affect the decision making, then I think it would have been better to explain in what way it had affected decision making precisely. | J15: It doesn't feel like it considered my interests since it didn't mention the priorities at all in the explanation other than just stating them
B16: Comment 6 | D16: Generally a very good explanation. The natural-feel of the language could use some work, but I think this can come with some easy fixes such as adding quotes and taking into account some edge cases, e.g. multiple prerequirements for one action. Other than that, it would have been nice to know what effect the user preference had, if any at all. If it did not have any effect, then maybe remove the part where you describe the user preference. | J16: I am satisfied with this explanation

Sheet Input3
N2: sums
C3: Likert Rating | N3: 1 | O3: 2 | P3: 3 | Q3: 4 | R3: 5
B4: The explanation clearly shows how the system arrived at its decision. | C4: 4 | D4: 4 | E4: 4 | F4: 4 | G4: 3 | H4: 4 | I4: 4 | J4: 5 | K4: 1 | L4: 2 | N4: =COUNTIF($C4:$L4, N$3) -> 1 | O4: =COUNTIF($C4:$L4, O$3) -> 1 | P4: =COUNTIF($C4:$L4, P$3) -> 1 | Q4: =COUNTIF($C4:$L4, Q$3) -> 6 | R4: =COUNTIF($C4:$L4, R$3) -> 1 | S4: =SUM(N4:R4) -> 10
B5: The explanation covers all relevant information correctly. | C5: 4 | D5: 5 | E5: 4 | F5: 4 | G5: 3 | H5: 3 | I5: 4 | J5: 5 | K5: 4 | L5: 4 | N5: =COUNTIF($C5:$L5, N$3) -> 0 | O5: =COUNTIF($C5:$L5, O$3) -> 0 | P5: =COUNTIF($C5:$L5, P$3) -> 2 | Q5: =COUNTIF($C5:$L5, Q$3) -> 6 | R5: =COUNTIF($C5:$L5, R$3) -> 2 | S5: =SUM(N5:R5) -> 10
B6: The level of detail in the explanation is sufficient for me to understand the decision. | C6: 4 | D6: 4 | E6: 3 | F6: 3 | G6: 3 | H6: 3 | I6: 5 | J6: 4 | K6: 4 | L6: 3 | N6: =COUNTIF($C6:$L6, N$3) -> 0 | O6: =COUNTIF($C6:$L6, O$3) -> 0 | P6: =COUNTIF($C6:$L6, P$3) -> 5 | Q6: =COUNTIF($C6:$L6, Q$3) -> 4 | R6: =COUNTIF($C6:$L6, R$3) -> 1 | S6: =SUM(N6:R6) -> 10
B7: The explanation appropriately addresses the question. | C7: 5 | D7: 3 | E7: 4 | F7: 4 | G7: 3 | H7: 4 | I7: 4 | J7: 5 | K7: 5 | L7: 5 | N7: =COUNTIF($C7:$L7, N$3) -> 0 | O7: =COUNTIF($C7:$L7, O$3) -> 0 | P7: =COUNTIF($C7:$L7, P$3) -> 2 | Q7: =COUNTIF($C7:$L7, Q$3) -> 4 | R7: =COUNTIF($C7:$L7, R$3) -> 4 | S7: =SUM(N7:R7) -> 10
B8: I believe the system is making decisions in my best interest considering my preferences. | C8: 5 | D8: 5 | E8: 4 | F8: 4 | G8: 3 | H8: 4 | I8: 5 | J8: 5 | K8: 2 | L8: 4 | N8: =COUNTIF($C8:$L8, N$3) -> 0 | O8: =COUNTIF($C8:$L8, O$3) -> 1 | P8: =COUNTIF($C8:$L8, P$3) -> 1 | Q8: =COUNTIF($C8:$L8, Q$3) -> 4 | R8: =COUNTIF($C8:$L8, R$3) -> 4 | S8: =SUM(N8:R8) -> 10
B9: I am satisfied with the explanation provided. | C9: 3 | D9: 3 | E9: 3 | F9: 3 | G9: 3 | H9: 4 | I9: 5 | J9: 5 | K9: 3 | L9: 3 | N9: =COUNTIF($C9:$L9, N$3) -> 0 | O9: =COUNTIF($C9:$L9, O$3) -> 0 | P9: =COUNTIF($C9:$L9, P$3) -> 7 | Q9: =COUNTIF($C9:$L9, Q$3) -> 1 | R9: =COUNTIF($C9:$L9, R$3) -> 2 | S9: =SUM(N9:R9) -> 10
B10: Comment | C10: The explanation is hard to follow. It doesn't follow a step-by-step explanation, in some places it describes actions from the result to the initial state, and in others - follows a more top-down approach starting from the initial state. Focusing on one of the approaches can greatly improve the feeling of the explanation. | E10: The explanation is generally fine but lacks smooth flow. Additionally, the statement about cost could be phrased more clearly for an end user: *"The agent preferred to pick up the coffee from the shop over getting coffee from Ann's office because it had a lower overall cost, especially with quality as the top priority."* The logic behind "lower cost is better" should be better explained for an end user who may not fully understand this reasoning. | F10: The explanation is good, but some comments that i think it should have to be more on target and follows all requirements are: -it is not mentioned that should check that is at the shop. -quality was a priority as you mentioned but shop is more expensive than ann'soffice coffee. so saying that has lower overall cost is wrong. -it needs a better overall flow to looks natural and not like answering if questions are satisfied | G10: the explanation is a bit complicated, it says that prioritize quality but ann's Office coffee is not more expensive (as it says that the shop has a lower cost). instead of answering as "The agent" it should say "i" as the agent is speaking. the flow needs improvement and not answering if it is satisfied or not. Also here the followed actions should be more | H10: It does a decent job explaining how the shop option was chosen and mentions quality as the top priority. However, it’s slightly unclear why the agent says “staff card is available was not satisfied” for the kitchen route, which is unnatural. Overall, it’s coherent. | L10: The explanation is correct and compared to input 2, most action node names are integrating into the text in a natural way. However, the ordering/phrasing of the different components is once again not the most straightforward which makes reading the explanation confusing. "Before being able to pay at the shop, it was necessary to check that it has money" - while this action makes sense, it was mentioned before that a prior decision was made because it had money. But rather, this decision was possible because it had money, and after checking whether it has money, there is not confirmation from the agent that it has: the explanation proceeds to discuss the preferences. It would have been clearer if the explanation also included this confirmation of the agent having money, or not mentioning this phrase about money again, since it was already mentioned it had money in the second sentence. One of the reasons why the agent chose shop coffee, which is because coffee from the kitchen wasn't possible, is mentioned last again, which also makes the explanation less clear. | M10: Seems like a good explanation! Some room for grammer improvements. And i would not talk about costs if it not refers to money. | N10: Talking about overall cost is not something an end user is going to understands. As cost does not refer to money here.
B11: Comment 1 | D11: The question was to explain why the agent got coffee from the shop. The answer starts with explaining that getting coffee from the shop was a valid choice, that is fine. The detail provided is good. It would have also sufficed, and maybe been better, if you only explained why it chose to get coffee from the shop instead of one of the other two alternatives (higher up in the tree), and leave the actions that are executed as part of getting coffee from the shop, be. The explanation covers all relevant information correctly. | K11: This explanation also is not very clear and kind of backwards, it doesn't explain in a fluid step format which is quite confusing
B12: Comment 2 | D12: All relevant information is covered correctly, aside from some natural-language mistakes. But that goes beyond the scope of this specific point of grading. In fact, more than only the relevant information has been provided. The level of detail in the explanation is sufficient for me to understand the decision. | K12: The information, although confusing is correct however it could explain how it considered priorities better and not just the most important one
B13: Comment 3 | D13: - so we do not know what actions it performed after it had made the decision to take the route of getting coffee at the shop. At least, that would have been my interpretation as an end-user. I understand your approach too, though, which is why I still want to give it a high score. | K13: The level of detail is enough to understand but as previously stated it didn't discuss the priorities very well
B14: Comment 4 | D14: Again, just a bit too much detail. It would have been more appropriate to only mention the parts leading up to the decision from where to get coffee. By mentioning the kitchen had requirements not satisfied, and that the preference goes to shop coffee over office coffee because it had a lower overall cost. | K14: It does address the question appropriately
B15: Comment 5 | D15: It is clear what user preference has impacted exactly what decision. Furthermore, the user preference is also clearly and explicitly mentioned, exactly where I would have expected it as a non-technical end-user. | K15: I don't think it is completely making decisions in my best interest considering it didn't explain how it took priorities into account
B16: Comment 6 | D16: Generally a good explanation, but just too detailed. As I mentioned above, I do not think you had to explain that it paid at the shop, et cetera - it would have probably been enough to mention all conditions for the entire sequential process of getting coffee at the shop, were satisfied. Other than that, I started to have a hard time following the explanation sometimes. Due to the use of “it” to which Ann is being referred with. That gets confusing when you combine it with existing beliefs / places in the context of the explanation. As a technical-user, I had no problem following. But a non-technical end-user may not feel the same. | K16: I am satisfied with this explanation

Sheet Input4
M2: sums
C3: Likert Rating | M3: 1 | N3: 2 | O3: 3 | P3: 4 | Q3: 5
B4: The explanation clearly shows how the system arrived at its decision. | C4: 3 | D4: 5 | E4: 4 | F4: 4 | G4: 4 | H4: 4 | I4: 5 | J4: 4 | K4: 5 | M4: =COUNTIF($C4:$K4, M$3) -> 0 | N4: =COUNTIF($C4:$K4, N$3) -> 0 | O4: =COUNTIF($C4:$K4, O$3) -> 1 | P4: =COUNTIF($C4:$K4, P$3) -> 5 | Q4: =COUNTIF($C4:$K4, Q$3) -> 3 | R4: =SUM(M4:Q4) -> 9
B5: The explanation covers all relevant information correctly. | C5: 4 | D5: 5 | E5: 4 | F5: 5 | G5: 5 | H5: 5 | I5: 5 | J5: 3 | K5: 5 | M5: =COUNTIF($C5:$K5, M$3) -> 0 | N5: =COUNTIF($C5:$K5, N$3) -> 0 | O5: =COUNTIF($C5:$K5, O$3) -> 1 | P5: =COUNTIF($C5:$K5, P$3) -> 2 | Q5: =COUNTIF($C5:$K5, Q$3) -> 6 | R5: =SUM(M5:Q5) -> 9
B6: The level of detail in the explanation is sufficient for me to understand the decision. | C6: 3 | D6: 5 | E6: 3 | F6: 4 | G6: 4 | H6: 5 | I6: 4 | J6: 5 | K6: 5 | M6: =COUNTIF($C6:$K6, M$3) -> 0 | N6: =COUNTIF($C6:$K6, N$3) -> 0 | O6: =COUNTIF($C6:$K6, O$3) -> 2 | P6: =COUNTIF($C6:$K6, P$3) -> 3 | Q6: =COUNTIF($C6:$K6, Q$3) -> 4 | R6: =SUM(M6:Q6) -> 9
B7: The explanation appropriately addresses the question. | C7: 5 | D7: 5 | E7: 4 | F7: 5 | G7: 5 | H7: 5 | I7: 5 | J7: 5 | K7: 5 | M7: =COUNTIF($C7:$K7, M$3) -> 0 | N7: =COUNTIF($C7:$K7, N$3) -> 0 | O7: =COUNTIF($C7:$K7, O$3) -> 0 | P7: =COUNTIF($C7:$K7, P$3) -> 1 | Q7: =COUNTIF($C7:$K7, Q$3) -> 8 | R7: =SUM(M7:Q7) -> 9
B8: I believe the system is making decisions in my best interest considering my preferences. | C8: 5 | D8: 5 | E8: 4 | F8: 4 | G8: 5 | H8: 4 | I8: 5 | J8: 5 | K8: 5 | M8: =COUNTIF($C8:$K8, M$3) -> 0 | N8: =COUNTIF($C8:$K8, N$3) -> 0 | O8: =COUNTIF($C8:$K8, O$3) -> 0 | P8: =COUNTIF($C8:$K8, P$3) -> 3 | Q8: =COUNTIF($C8:$K8, Q$3) -> 6 | R8: =SUM(M8:Q8) -> 9
B9: I am satisfied with the explanation provided. | C9: 3 | D9: 4 | E9: 3 | F9: 4 | G9: 5 | H9: 4 | I9: 5 | J9: 4 | K9: 5 | M9: =COUNTIF($C9:$K9, M$3) -> 0 | N9: =COUNTIF($C9:$K9, N$3) -> 0 | O9: =COUNTIF($C9:$K9, O$3) -> 2 | P9: =COUNTIF($C9:$K9, P$3) -> 4 | Q9: =COUNTIF($C9:$K9, Q$3) -> 3 | R9: =SUM(M9:Q9) -> 9
B10: Comment | C10: - The explanation is hard to follow. - Your agent says "This decision was made because it has money.", but in the very next sentence it says "it was necessary to check that it has money". This line of thought is unclear and the order might confuse people. - "...it had a lower overall cost, especially with quality..." - how can you explain what the cost of quality is? | E10: The explanation is generally fine but lacks smooth flow. Additionally, the statement about cost could be phrased more clearly for an end user: "The agent preferred to pick up the coffee from the shop over getting coffee from the kitchen because it had a lower overall cost, especially with quality as the top priority." The logic behind "lower cost is better" should be explained more clearly for an end user who may not fully understand this reasoning. In natural terms, the shop has a higher monetary cost but offers higher quality coffee, which the user prioritized. This could have been better clarified in the explanation. | F10: the explanation is good, has good reasoning, only comments that shop has higher cost and not lower and that it should include all actions (GetCoffee) | G10: It’s decent overall | J10: The explanation is quite clear and the structure also makes sense. The information is correct and relevant, and overall the explanation is phrased in an easy to follow manner. It includes the preferences correctly, giving the user the impression that the agent has their best interests in mind. The only component that is missing is why it didn't choose to get kitchen coffee: all the preconditions for that trace were present. This could have made the explanation complete. | K10: Seems not that intuitive to an end user as cost not implies money. | L10: Overall great explanation! | M10: Overall a 5 it does everything well and is a fluid and well written explanation, however I think it would be helpful if it ranks the priorities instead of only saying which is the most important and listing the others.
B11: Comment 1 | D11: Perfectly clear. I love how you start at the action to explain and then work backwards. Furthermore, very nice job of mentioning the user preferences right before they matter - could have been a tad bit better if you moved this to after explaining the violation, but still very good. I was almost missing the sentence that mentioned that paying at the shop was required, but you saved that with the last sentence. Maybe move that to be the first sentence, but very good nonetheless.
B12: Comment 2 | D12: Absolutely it does. All of the information required was properly shared whenever necessary and in a natura
B13: Comment 3 | D13: I cannot find any irrelevant information in the explanation, and everything that is relevant has been explained in a perfect level of detail and verbosity - never too much and never too little. Norms are only mentioned when violated (which is good - we care mostly about abnormal behavior anyway).
B14: Comment 4 | D14: By working backwards from the action to explain, I constantly had a good idea of the process and was confident that we were actually getting to explain the action that was supposed to be explained. Very well done
B15: Comment 5 | D15: Wherever the user preference was relevant, it was mentioned in plentiful detail. It is mentioned why alternative x is better or worse than y, and the relevant user preference is mentioned right before that. Like I previously said, this could have been a tad bit better by moving the sentence about user preference one sentence further, after the part about the violation, considering it is only required knowledge right then.
B16: Comment 6 | D16: A near perfect explanation, most definitely the best I have read so far. Only complaint would be moving the user preference one sentence forward, and the few natural language / grammatical errors in the text. Perhaps running the text through some kind of automated spell / grammar fixer without changing any of the content would be of great value - and a potentially easy implementation.

Sheet Input5
M2: sums
C3: Likert Rating | M3: 1 | N3: 2 | O3: 3 | P3: 4 | Q3: 5
B4: The explanation clearly shows how the system arrived at its decision. | C4: 3 | D4: 5 | E4: 4 | F4: 4 | G4: 3 | H4: 4 | I4: 5 | J4: 2 | K4: 3 | M4: =COUNTIF($C4:$K4, M$3) -> 0 | N4: =COUNTIF($C4:$K4, N$3) -> 1 | O4: =COUNTIF($C4:$K4, O$3) -> 3 | P4: =COUNTIF($C4:$K4, P$3) -> 3 | Q4: =COUNTIF($C4:$K4, Q$3) -> 2 | R4: =SUM(M4:Q4) -> 9
B5: The explanation covers all relevant information correctly. | C5: 4 | D5: 5 | E5: 4 | F5: 3 | G5: 3 | H5: 5 | I5: 4 | J5: 5 | K5: 4 | M5: =COUNTIF($C5:$K5, M$3) -> 0 | N5: =COUNTIF($C5:$K5, N$3) -> 0 | O5: =COUNTIF($C5:$K5, O$3) -> 2 | P5: =COUNTIF($C5:$K5, P$3) -> 4 | Q5: =COUNTIF($C5:$K5, Q$3) -> 3 | R5: =SUM(M5:Q5) -> 9
B6: The level of detail in the explanation is sufficient for me to understand the decision. | C6: 3 | D6: 4 | E6: 4 | F6: 4 | G6: 2 | H6: 4 | I6: 4 | J6: 5 | K6: 5 | M6: =COUNTIF($C6:$K6, M$3) -> 0 | N6: =COUNTIF($C6:$K6, N$3) -> 1 | O6: =COUNTIF($C6:$K6, O$3) -> 1 | P6: =COUNTIF($C6:$K6, P$3) -> 5 | Q6: =COUNTIF($C6:$K6, Q$3) -> 2 | R6: =SUM(M6:Q6) -> 9
B7: The explanation appropriately addresses the question. | C7: 5 | D7: 5 | E7: 4 | F7: 4 | G7: 4 | H7: 5 | I7: 5 | J7: 5 | K7: 5 | M7: =COUNTIF($C7:$K7, M$3) -> 0 | N7: =COUNTIF($C7:$K7, N$3) -> 0 | O7: =COUNTIF($C7:$K7, O$3) -> 0 | P7: =COUNTIF($C7:$K7, P$3) -> 3 | Q7: =COUNTIF($C7:$K7, Q$3) -> 6 | R7: =SUM(M7:Q7) -> 9
B8: I believe the system is making decisions in my best interest considering my preferences. | C8: 5 | D8: 5 | E8: 4 | F8: 4 | G8: 3 | H8: 5 | I8: 5 | J8: 5 | K8: 5 | M8: =COUNTIF($C8:$K8, M$3) -> 0 | N8: =COUNTIF($C8:$K8, N$3) -> 0 | O8: =COUNTIF($C8:$K8, O$3) -> 1 | P8: =COUNTIF($C8:$K8, P$3) -> 2 | Q8: =COUNTIF($C8:$K8, Q$3) -> 6 | R8: =SUM(M8:Q8) -> 9
B9: I am satisfied with the explanation provided. | C9: 3 | D9: 5 | E9: 4 | F9: 4 | G9: 3 | H9: 4 | I9: 5 | J9: 3 | K9: 4 | M9: =COUNTIF($C9:$K9, M$3) -> 0 | N9: =COUNTIF($C9:$K9, N$3) -> 0 | O9: =COUNTIF($C9:$K9, O$3) -> 3 | P9: =COUNTIF($C9:$K9, P$3) -> 4 | Q9: =COUNTIF($C9:$K9, Q$3) -> 2 | R9: =SUM(M9:Q9) -> 9
B10: Comment | C10: The explanation is a bit long and it is hard to follow the line of thought. It is explained why we choose the kitchen coffee over the shop coffee, however reasoning about Ann's office is given only after explaining that we are getting our own card. This order makes it hard to follow. | E10: The explanation is generally correct but lacks a natural, human tone. For example, the phrase *"Ann's office because Ann is in the office was not satisfied"* feels awkward and could be rephrased for clarity and flow | F10: the explanation is efficient in terms of reasoning but it need some refinement in: -there is no prohibition about going to shop but paying in shop. - borrowing card from another colleague doesn't affect price but time - i would like a more natural language explanation, agent should talk as "i" and no the agent and also to have a flow and not answer if everything is satysfied or not | G10: The explanation covers why the shop path is off-limits and why the kitchen route was chosen, but it’s confusing about “Ann is in the office was not satisfied.” That sounds contradictory. Also, it doesn’t clearly show how price is measured or how going to the kitchen really won out on cost. | K10: The explanation is correct and covers the relevant information. The structure is still not entirely clear, with mentioning the path to Ann's office not being possible almost at the end of the explanation. Additionally, the sentence "Before being able to go get their own card, it was necessary to check that it has their own card" is confusing because it seems to imply the same thing twice, because by trying to get your own card, you will find out if you have it. | L10: I find the explanation to be complete and satisfactory. The used method seems very robust. An end-user would probably want a somewhat more brief explanation and the sentence structure could be improved a bit. | M10: It was odd that it talked about borrowing the card from a colleague as having a cost. | N10: Ann is not provided in the input so mentioning this is not so appropriate
B11: Comment 1 | D11: Perfect, it is clear how the system got to the task of going to the kitchen. It explains why this task was possible - why other alternatives were not possible, and briefly explained how it got the card it required for the kitchen according to user preference. That last one might not have been necessary. It may have simply been enough to just say that the other two alternatives were no option, and that considering everything else was satisfied - it could go to the kitchen. | J11: The explanation feels a bit segmented and doesn't fluidly explain in a step format which I believe is the easiest way to understand
B12: Comment 2 | D12: All of the relevant information (and a bit more!) is mentioned in sufficient detail. When an action cannot be done, it is explained why - whether it is from a violation or from a missing condition. Even costs are explained and decisions reinforced with user preference. | J12: Even though it's a bit all over the place it does explain all the necessary information
B13: Comment 3 | D13: Explaining the user preference to pick whose staff card to use was irrelevant information in this part. It does not matter whose staff card is used, to explain why the agent went to the kitchen. It went to the kitchen because the other alternatives were not possible. So, it is slightly overly-verbose. | J13: The level of detail is enough to understand the decision
B14: Comment 4 | D14: By working backwards from the action to explain, the explanation more than appropriately addresses the question. We are easily guided by the explanation, step by step, from the step we know must have happened. This gives an easy-to-understand and non-overwhelming starting point, instead of the root of the entire goal tree. | J14: It does address the question appropriately
B15: Comment 5 | D15: The user preference seems to have been used when deciding whose staff card to use. While this was not a necessary part of the explanation, its addition does prove that the system is making decisions in the best interest of the user considering their preferences. Similarly to another one of your outputs, I would have moved the explanation of user preferences one sentence further, right after explaining the violation. This way, you are first giving the user preferences, and right after you are already explaining why they are relevant in your decision making. | J15: It did take into consideration my interests since it took his own card for the lower cost
B16: Comment 6 | D16: While being slightly overly verbose, and while it does have some slight natural language / grammatical errors, this is a very good explanation. If the grammatical errors were fixed; the user preferences moved one sentence further; and the explanation dismissed the part about whose card to use (considering it is not so relevant for the task to explain), then I really would not know what other critique I would have. | J16: I am satisfied with this explanation
